{
	"credit": "Made with Blockbench",
	"parent": "block/block",
	"ambientocclusion": false,
	"textures": {
		"3": "block/beacon_glass_2",
		"particle": "block/beacon_glass_2",
		"glass": "block/beacon_glass",
		"obsidian": "block/obsidian",
		"beacon": "block/beacon"
	},
	"elements": [
		{
			"name": "Obsidian base",
			"from": [0, 0.1, 0],
			"to": [16, 3, 16],
			"faces": {
				"north": {"uv": [0, 13, 16, 16], "texture": "#obsidian"},
				"east": {"uv": [0, 13, 16, 16], "texture": "#obsidian"},
				"south": {"uv": [0, 16, 16, 13], "texture": "#obsidian"},
				"west": {"uv": [0, 13, 16, 16], "texture": "#obsidian"},
				"up": {"uv": [0, 0, 16, 16], "texture": "#obsidian"},
				"down": {"uv": [0, 0, 16, 16], "texture": "#obsidian"}
			}
		},
		{
			"name": "Inner beacon texture",
			"from": [4, 3, 4],
			"to": [12, 11, 12],
			"rotation": {"angle": 0, "axis": "y", "origin": [8, 8, 8]},
			"faces": {
				"north": {"uv": [4, 4, 12, 12], "rotation": 180, "texture": "#beacon"},
				"east": {"uv": [4, 4, 12, 12], "rotation": 180, "texture": "#beacon"},
				"south": {"uv": [4, 4, 12, 12], "rotation": 180, "texture": "#beacon"},
				"west": {"uv": [4, 4, 12, 12], "rotation": 180, "texture": "#beacon"},
				"up": {"uv": [4, 4, 12, 12], "texture": "#beacon"},
				"down": {"uv": [4, 4, 12, 12], "texture": "#beacon"}
			}
		},
		{
			"name": "Glass shell",
			"from": [0, 3, 0],
			"to": [16, 16, 16],
			"faces": {
				"north": {"uv": [0, 0, 16, 13], "texture": "#glass"},
				"east": {"uv": [0, 0, 16, 13], "texture": "#glass"},
				"south": {"uv": [0, 0, 16, 13], "texture": "#glass"},
				"west": {"uv": [0, 0, 16, 13], "texture": "#glass"},
				"up": {"uv": [0, 0, 16, 16], "texture": "#3"},
				"down": {"uv": [0, 0, 16, 16], "texture": "#3"}
			}
		}
	],
	"display": {
		"thirdperson_righthand": {
			"rotation": [75, 45, 0],
			"translation": [0, 2.5, 0],
			"scale": [0.375, 0.375, 0.375]
		},
		"thirdperson_lefthand": {
			"rotation": [75, 45, 0],
			"translation": [0, 2.5, 0],
			"scale": [0.375, 0.375, 0.375]
		},
		"firstperson_righthand": {
			"rotation": [0, 45, 0],
			"scale": [0.4, 0.4, 0.4]
		},
		"firstperson_lefthand": {
			"rotation": [0, 225, 0],
			"scale": [0.4, 0.4, 0.4]
		},
		"ground": {
			"translation": [0, 3, 0],
			"scale": [0.25, 0.25, 0.25]
		},
		"gui": {
			"rotation": [30, 225, 0],
			"scale": [0.625, 0.625, 0.625]
		},
		"fixed": {
			"scale": [0.5, 0.5, 0.5]
		}
	},
	"groups": [
		0,
		1,
		{
			"name": "group",
			"origin": [0, 0, 0],
			"color": 0,
			"children": [2]
		}
	]
}